Input,Prediction,Conservative,Substitutions_Set1,N_Substitutions_Set1Substitutions_Set2,N_Substitutions_Set2/Set1
NP_006209.2 1 M L,Damaging,306,,0,,0
NP_006209.2 1 M V,Damaging,306,,0,,0
NP_006209.2 4 R Q,Damaging,306,,0,,0
NP_006209.2 6 S L,Damaging,306,,0,,0
NP_006209.2 6 S L,Damaging,306,,0,,0
NP_006209.2 8 G D,Damaging,306,,0,,0
NP_006209.2 9 E G,Damaging,306,,0,,0
NP_006209.2 10 L P,Damaging,306,,0,,0
NP_006209.2 10 L R,Damaging,306,,0,,0
NP_006209.2 10 L P,Damaging,306,,0,,0
NP_006209.2 11 W G,Damaging,305,F,0,,0
NP_006209.2 11 W S,Damaging,305,F,0,,0
NP_006209.2 11 W L,Damaging,305,F,0,,0
NP_006209.2 11 W L,Damaging,305,F,0,,0
NP_006209.2 12 G C,Damaging,305,F,0,,1
NP_006209.2 12 G D,Damaging,305,F,0,,1
NP_006209.2 12 G V,Damaging,305,F,0,,0
NP_006209.2 13 I T,Damaging,226,M F,0,,0
NP_006209.2 14 H Y,Benign,305,Y,1,Y,1
NP_006209.2 16 M V,Damaging,306,,0,,0
NP_006209.2 16 M I,Damaging,306,,0,,0
NP_006209.2 17 P S,Damaging,306,,0,,7
NP_006209.2 18 P L,Damaging,306,,0,,1
NP_006209.2 19 R K,Benign,226,N S K,7,K,10
NP_006209.2 20 I M,Damaging,306,,0,,1
NP_006209.2 21 L I,Benign,285,E Q F I K H V,2,I,8
NP_006209.2 24 C S,Damaging,306,,0,,0
NP_006209.2 27 P T,Damaging,306,,0,,0
NP_006209.2 27 P L,Damaging,306,,0,,0
NP_006209.2 30 M I,Benign,305,I,1,I,39
NP_006209.2 31 I M,Benign,289,L M V F,7,M,5
NP_006209.2 36 C Y,Damaging,306,,0,,0
NP_006209.2 37 L F,Damaging,304,I,0,,1
NP_006209.2 38 R S,Damaging,306,,0,,0
NP_006209.2 38 R G,Damaging,306,,0,,0
NP_006209.2 38 R C,Damaging,306,,0,,0
NP_006209.2 38 R H,Damaging,306,,0,,0
NP_006209.2 38 R L,Damaging,306,,0,,0
NP_006209.2 38 R C,Damaging,306,,0,,0
NP_006209.2 38 R H,Damaging,306,,0,,0
NP_006209.2 39 E K,Damaging,306,,0,,0
NP_006209.2 39 E G,Damaging,306,,0,,0
NP_006209.2 39 E D,Damaging,306,,0,,32
NP_006209.2 39 E K,Damaging,306,,0,,0
NP_006209.2 40 A T,Damaging,306,,0,,4
NP_006209.2 41 T A,Damaging,304,M A,1,A,0
NP_006209.2 41 T I,Damaging,304,M A,0,,0
NP_006209.2 42 L V,Damaging,306,,0,,0
NP_006209.2 51 K R,Benign,303,Q R,2,R,12
NP_006209.2 51 K T,Damaging,303,Q R,0,,2
NP_006209.2 52 E V,Damaging,306,,0,,1
NP_006209.2 54 R K,Damaging,306,,0,,29
NP_006209.2 57 P S,Damaging,306,,0,,0
NP_006209.2 57 P H,Damaging,306,,0,,0
NP_006209.2 57 P L,Damaging,306,,0,,0
NP_006209.2 58 L F,Damaging,306,,0,,4
NP_006209.2 58 L P,Damaging,306,,0,,0
NP_006209.2 59 H P,Damaging,150,N S C Y,0,,0
NP_006209.2 60 Q K,Damaging,176,N H S,0,,3
NP_006209.2 62 L I,Damaging,306,,0,,0
NP_006209.2 64 D N,Damaging,189,E,0,,2
NP_006209.2 65 E K,Damaging,306,,0,,0
NP_006209.2 66 S C,Damaging,247,N A T,0,,0
NP_006209.2 66 S F,Damaging,247,N A T,0,,0
NP_006209.2 66 S Y,Damaging,247,N A T,0,,0
NP_006209.2 67 S P,Damaging,306,,0,,0
NP_006209.2 67 S F,Damaging,306,,0,,0
NP_006209.2 69 I N,Damaging,304,M,0,,0
NP_006209.2 70 F L,Damaging,306,,0,,6
NP_006209.2 71 V I,Benign,303,I F,2,I,3
NP_006209.2 72 S G,Damaging,305,C,0,,23
NP_006209.2 74 T A,Damaging,304,N,0,,0
NP_006209.2 75 Q E,Damaging,306,,0,,0
NP_006209.2 75 Q P,Damaging,306,,0,,0
NP_006209.2 75 Q H,Damaging,306,,0,,3
NP_006209.2 75 Q E,Damaging,306,,0,,0
NP_006209.2 77 A T,Damaging,306,,0,,0
NP_006209.2 78 E K,Damaging,305,D,0,,2
NP_006209.2 78 E K,Damaging,305,D,0,,2
NP_006209.2 79 R M,Damaging,300,L K,0,,0
NP_006209.2 80 E K,Damaging,306,,0,,0
NP_006209.2 81 E K,Damaging,306,,0,,0
NP_006209.2 81 E A,Damaging,306,,0,,0
NP_006209.2 81 E K,Damaging,306,,0,,0
NP_006209.2 83 F L,Damaging,186,Y,0,,0
NP_006209.2 83 F K,Damaging,186,Y,0,,0
NP_006209.2 83 F Y,Benign,186,Y,120,Y,46
NP_006209.2 83 F S,Damaging,186,Y,0,,0
NP_006209.2 83 F L,Damaging,186,Y,0,,0
NP_006209.2 83 F S,Damaging,186,Y,0,,0
NP_006209.2 84 D N,Damaging,306,,0,,1
NP_006209.2 84 D H,Damaging,306,,0,,0
NP_006209.2 85 E K,Damaging,306,,0,,0
NP_006209.2 86 T S,Damaging,306,,0,,11
NP_006209.2 87 R T,Damaging,303,K,0,,0
NP_006209.2 88 R Q,Damaging,306,,0,,0
NP_006209.2 88 R L,Damaging,306,,0,,0
NP_006209.2 88 R Q,Damaging,306,,0,,0
NP_006209.2 88 R X,Damaging,306,,0,,0
NP_006209.2 90 C R,Damaging,306,,0,,0
NP_006209.2 90 C G,Damaging,306,,0,,0
NP_006209.2 90 C Y,Damaging,306,,0,,0
NP_006209.2 90 C S,Damaging,306,,0,,0
NP_006209.2 91 D A,Damaging,306,,0,,0
NP_006209.2 92 L F,Damaging,306,,0,,0
NP_006209.2 93 R G,Damaging,306,,0,,1
NP_006209.2 93 R W,Damaging,306,,0,,0
NP_006209.2 93 R Q,Damaging,306,,0,,4
NP_006209.2 93 R P,Damaging,306,,0,,0
NP_006209.2 93 R L,Damaging,306,,0,,0
NP_006209.2 93 R Q,Damaging,306,,0,,4
NP_006209.2 93 R W,Damaging,306,,0,,0
NP_006209.2 94 L F,Damaging,306,,0,,0
NP_006209.2 96 Q E,Damaging,306,,0,,2
NP_006209.2 97 P H,Damaging,235,A,0,,0
NP_006209.2 99 L F,Damaging,306,,0,,1
NP_006209.2 102 I F,Damaging,304,V,0,,0
NP_006209.2 102 I N,Damaging,304,V,0,,0
NP_006209.2 102 I T,Damaging,304,V,0,,3
NP_006209.2 103 E K,Damaging,306,,0,,0
NP_006209.2 103 E G,Damaging,306,,0,,0
NP_006209.2 104 P T,Damaging,306,,0,,0
NP_006209.2 104 P A,Damaging,306,,0,,3
NP_006209.2 104 P S,Damaging,306,,0,,1
NP_006209.2 104 P L,Damaging,306,,0,,0
NP_006209.2 104 P R,Damaging,306,,0,,5
NP_006209.2 104 P L,Damaging,306,,0,,0
NP_006209.2 104 P L,Damaging,306,,0,,0
NP_006209.2 104 P R,Damaging,306,,0,,5
NP_006209.2 105 V I,Damaging,304,E,0,,5
NP_006209.2 106 G S,Damaging,306,,0,,1
NP_006209.2 106 G R,Damaging,306,,0,,0
NP_006209.2 106 G C,Damaging,306,,0,,0
NP_006209.2 106 G D,Damaging,306,,0,,0
NP_006209.2 106 G A,Damaging,306,,0,,1
NP_006209.2 106 G V,Damaging,306,,0,,0
NP_006209.2 106 G S,Damaging,306,,0,,1
NP_006209.2 106 G V,Damaging,306,,0,,0
NP_006209.2 107 N H,Damaging,306,,0,,0
NP_006209.2 107 N Y,Damaging,306,,0,,0
NP_006209.2 107 N T,Damaging,306,,0,,0
NP_006209.2 107 N S,Damaging,306,,0,,6
NP_006209.2 107 N I,Damaging,306,,0,,0
NP_006209.2 107 N K,Damaging,306,,0,,0
NP_006209.2 108 R S,Damaging,305,F,0,,0
NP_006209.2 108 R C,Damaging,305,F,0,,0
NP_006209.2 108 R H,Damaging,305,F,0,,0
NP_006209.2 108 R P,Damaging,305,F,0,,1
NP_006209.2 108 R L,Damaging,305,F,0,,0
NP_006209.2 108 R C,Damaging,305,F,0,,0
NP_006209.2 108 R H,Damaging,305,F,0,,0
NP_006209.2 108 R L,Damaging,305,F,0,,0
NP_006209.2 109 E K,Damaging,303,D F,0,,2
NP_006209.2 110 E K,Damaging,305,F,0,,4
NP_006209.2 111 K Q,Damaging,306,,0,,1
NP_006209.2 111 K E,Damaging,306,,0,,1
NP_006209.2 111 K R,Damaging,306,,0,,2
NP_006209.2 111 K N,Damaging,306,,0,,1
NP_006209.2 111 K N,Damaging,306,,0,,1
NP_006209.2 111 K E,Damaging,306,,0,,1
NP_006209.2 111 K N,Damaging,306,,0,,1
NP_006209.2 111 K Q,Damaging,306,,0,,1
NP_006209.2 112 I F,Damaging,306,,0,,0
NP_006209.2 112 I N,Damaging,306,,0,,0
NP_006209.2 114 N D,Damaging,301,H S,0,,0
NP_006209.2 114 N S,Benign,301,H S,4,S,0
NP_006209.2 115 R Q,Damaging,306,,0,,3
NP_006209.2 115 R P,Damaging,306,,0,,0
NP_006209.2 115 R L,Damaging,306,,0,,0
NP_006209.2 116 E K,Damaging,306,,0,,1
NP_006209.2 118 G D,Damaging,306,,0,,0
NP_006209.2 118 G D,Damaging,306,,0,,0
NP_006209.2 120 A V,Benign,281,V,25,V,0
NP_006209.2 121 I M,Damaging,305,T,0,,0
NP_006209.2 122 G D,Damaging,306,,0,,0
NP_006209.2 122 G A,Damaging,306,,0,,0
NP_006209.2 123 M I,Damaging,306,,0,,16
NP_006209.2 123 M A,Damaging,306,,0,,0
NP_006209.2 124 P T,Damaging,306,,0,,1
NP_006209.2 124 P A,Damaging,306,,0,,3
NP_006209.2 124 P S,Damaging,306,,0,,9
NP_006209.2 124 P E,Damaging,306,,0,,0
NP_006209.2 124 P Q,Damaging,306,,0,,2
NP_006209.2 124 P L,Damaging,306,,0,,0
NP_006209.2 125 V E,Damaging,220,I,0,,0
NP_006209.2 129 D H,Damaging,298,E,0,,2
NP_006209.2 130 M T,Damaging,169,L I V,0,,2
NP_006209.2 131 V A,Damaging,305,M,0,,3
NP_006209.2 133 D V,Damaging,306,,0,,0
NP_006209.2 134 P S,Benign,262,L S T,42,S,7
NP_006209.2 136 V I,Damaging,306,,0,,2
NP_006209.2 137 Q K,Damaging,306,,0,,0
NP_006209.2 137 Q L,Damaging,306,,0,,1
NP_006209.2 138 D N,Damaging,303,E,0,,2
NP_006209.2 138 D Y,Damaging,303,E,0,,0
NP_006209.2 140 R Q,Damaging,306,,0,,0
NP_006209.2 141 R I,Damaging,297,K,0,,0
NP_006209.2 142 N T,Damaging,306,,0,,2
NP_006209.2 142 N K,Damaging,306,,0,,4
NP_006209.2 143 I V,Benign,303,V,3,V,2
NP_006209.2 143 I T,Damaging,303,V,0,,0
NP_006209.2 145 N S,Benign,305,S,1,S,13
NP_006209.2 146 V I,Damaging,306,,0,,2
NP_006209.2 147 C Y,Damaging,306,,0,,0
NP_006209.2 149 E V,Damaging,257,D,0,,0
NP_006209.2 151 V M,Damaging,305,I,0,,4
NP_006209.2 154 R T,Damaging,305,K,0,,0
NP_006209.2 154 R M,Damaging,305,K,0,,0
NP_006209.2 157 N D,Benign,281,D C H S,1,D,5
NP_006209.2 158 S L,Damaging,85,G A,0,,0
NP_006209.2 160 H N,Damaging,296,Q I,0,,2
NP_006209.2 162 R K,Benign,304,K,2,K,2
NP_006209.2 163 A T,Damaging,305,S,0,,0
NP_006209.2 165 Y H,Damaging,306,,0,,0
NP_006209.2 169 P Q,Damaging,305,F,0,,0
NP_006209.2 170 N T,Damaging,303,S F,0,,0
NP_006209.2 170 N S,Benign,303,S F,2,S,0
NP_006209.2 172 E Q,Damaging,306,,0,,0
NP_006209.2 173 S Y,Damaging,305,T,0,,0
NP_006209.2 175 P S,Benign,180,Q T S V A,23,S,5
NP_006209.2 177 L F,Damaging,306,,0,,2
NP_006209.2 179 K E,Damaging,236,R,0,,2
NP_006209.2 179 K T,Damaging,236,R,0,,2
NP_006209.2 180 H R,Damaging,306,,0,,0
NP_006209.2 182 Y H,Benign,276,H S F E,10,H,2
NP_006209.2 184 K E,Damaging,305,R,0,,0
NP_006209.2 186 D N,Damaging,305,V,0,,3
NP_006209.2 193 V M,Damaging,306,,0,,0
NP_006209.2 197 I M,Damaging,305,F,0,,0
NP_006209.2 199 S C,Damaging,304,T,0,,0
NP_006209.2 200 P L,Damaging,305,N,0,,1
NP_006209.2 201 N S,Benign,232,S T,67,S,12
NP_006209.2 204 K N,Damaging,306,,0,,1
NP_006209.2 212 N S,Benign,297,S,9,S,20
NP_006209.2 213 H N,Damaging,306,,0,,0
NP_006209.2 213 H P,Damaging,306,,0,,3
NP_006209.2 215 C G,Damaging,224,F S W Y,0,,0
NP_006209.2 222 A V,Damaging,306,,0,,1
NP_006209.2 223 E K,Damaging,306,,0,,1
NP_006209.2 224 A S,Damaging,306,,0,,3
NP_006209.2 225 I M,Damaging,306,,0,,0
NP_006209.2 226 R S,Damaging,305,K,0,,2
NP_006209.2 230 R Q,Damaging,306,,0,,0
NP_006209.2 235 S T,Benign,292,F T,13,T,22
NP_006209.2 235 S F,Damaging,292,F T,1,F,0
NP_006209.2 236 S Y,Damaging,175,Q T F P H A,0,,0
NP_006209.2 239 L P,Damaging,306,,0,,0
NP_006209.2 239 L R,Damaging,306,,0,,3
NP_006209.2 243 V A,Damaging,306,,0,,10
NP_006209.2 244 L S,Damaging,183,Q,0,,1
NP_006209.2 250 Y F,Damaging,306,,0,,4
NP_006209.2 252 L F,Damaging,306,,0,,0
NP_006209.2 252 L F,Damaging,306,,0,,0
NP_006209.2 258 D N,Damaging,306,,0,,16
NP_006209.2 261 F V,Damaging,84,L,0,,0
NP_006209.2 262 L I,Damaging,306,,0,,2
NP_006209.2 266 P S,Damaging,306,,0,,3
NP_006209.2 267 L M,Damaging,276,I,0,,0
NP_006209.2 269 Q K,Damaging,305,I,0,,0
NP_006209.2 273 I V,Benign,204,V,102,V,13
NP_006209.2 274 R K,Damaging,306,,0,,1
NP_006209.2 279 L I,Damaging,306,,0,,6
NP_006209.2 282 M V,Damaging,292,L,0,,2
NP_006209.2 282 M I,Damaging,292,L,0,,30
NP_006209.2 283 P H,Damaging,306,,0,,0
NP_006209.2 285 L S,Damaging,306,,0,,0
NP_006209.2 287 L F,Damaging,306,,0,,1
NP_006209.2 289 A T,Benign,254,S T,8,T,13
NP_006209.2 291 E A,Damaging,194,D,0,,0
NP_006209.2 293 L V,Damaging,306,,0,,34
NP_006209.2 295 S F,Damaging,198,E Y T C N A,0,,0
NP_006209.2 296 Q E,Benign,305,E,1,E,2
NP_006209.2 298 P T,Damaging,306,,0,,6
NP_006209.2 299 M I,Benign,159,T L I K S V A,24,I,0
NP_006209.2 300 D V,Damaging,295,N E,0,,5
NP_006209.2 308 S F,Damaging,202,A,0,,0
NP_006209.2 310 R C,Damaging,306,,0,,0
NP_006209.2 310 R H,Damaging,306,,0,,1
NP_006209.2 311 I V,Damaging,306,,0,,0
NP_006209.2 316 P A,Benign,292,G A S,2,A,0
NP_006209.2 316 P L,Damaging,292,G A S,0,,0
NP_006209.2 320 G R,Damaging,306,,0,,0
NP_006209.2 320 G E,Damaging,306,,0,,2
NP_006209.2 320 G V,Damaging,306,,0,,0
NP_006209.2 321 E D,Benign,305,D,1,D,5
NP_006209.2 322 T I,Damaging,163,S V A,0,,3
NP_006209.2 323 S T,Benign,161,V A T P,61,T,0
NP_006209.2 324 T A,Benign,199,S V A I,89,A,5
NP_006209.2 324 T I,Damaging,199,S V A I,1,I,0
NP_006209.2 325 K R,Damaging,305,F,0,,6
NP_006209.2 326 S F,Benign,265,G T F C P N A,1,F,2
NP_006209.2 326 S F,Benign,265,G T F C P N A,1,F,2
NP_006209.2 326 S Y,Damaging,265,G T F C P N A,0,,1
NP_006209.2 328 W S,Damaging,306,,0,,0
NP_006209.2 328 W C,Damaging,306,,0,,0
NP_006209.2 335 R G,Damaging,302,K,0,,0
NP_006209.2 335 R I,Damaging,302,K,0,,0
NP_006209.2 336 I M,Damaging,305,L,0,,2
NP_006209.2 337 K N,Damaging,138,R,0,,1
NP_006209.2 339 L I,Damaging,306,,0,,4
NP_006209.2 339 L V,Damaging,306,,0,,2
NP_006209.2 339 L F,Damaging,306,,0,,0
NP_006209.2 341 A V,Damaging,306,,0,,2
NP_006209.2 342 T P,Damaging,306,,0,,0
NP_006209.2 342 T A,Damaging,306,,0,,1
NP_006209.2 342 T S,Damaging,306,,0,,14
NP_006209.2 342 T I,Damaging,306,,0,,1
NP_006209.2 342 T I,Damaging,306,,0,,1
NP_006209.2 343 Y C,Damaging,306,,0,,1
NP_006209.2 343 Y F,Damaging,306,,0,,1
NP_006209.2 344 V M,Damaging,306,,0,,0
NP_006209.2 344 V E,Damaging,306,,0,,0
NP_006209.2 344 V A,Damaging,306,,0,,0
NP_006209.2 344 V G,Damaging,306,,0,,0
NP_006209.2 344 V G,Damaging,306,,0,,0
NP_006209.2 344 V M,Damaging,306,,0,,0
NP_006209.2 345 N H,Damaging,306,,0,,0
NP_006209.2 345 N D,Damaging,306,,0,,0
NP_006209.2 345 N Y,Damaging,306,,0,,0
NP_006209.2 345 N T,Damaging,306,,0,,0
NP_006209.2 345 N S,Damaging,306,,0,,1
NP_006209.2 345 N I,Damaging,306,,0,,0
NP_006209.2 345 N K,Damaging,306,,0,,0
NP_006209.2 345 N G,Damaging,306,,0,,0
NP_006209.2 345 N D,Damaging,306,,0,,0
NP_006209.2 345 N H,Damaging,306,,0,,0
NP_006209.2 345 N I,Damaging,306,,0,,0
NP_006209.2 345 N K,Damaging,306,,0,,0
NP_006209.2 345 N S,Damaging,306,,0,,1
NP_006209.2 345 N Y,Damaging,306,,0,,0
NP_006209.2 346 V L,Damaging,306,,0,,0
NP_006209.2 346 V E,Damaging,306,,0,,0
NP_006209.2 346 V A,Damaging,306,,0,,6
NP_006209.2 346 V G,Damaging,306,,0,,0
NP_006209.2 347 N K,Damaging,306,,0,,0
NP_006209.2 347 N K,Damaging,306,,0,,0
NP_006209.2 348 I F,Damaging,306,,0,,0
NP_006209.2 349 R Q,Damaging,306,,0,,0
NP_006209.2 350 D N,Damaging,306,,0,,2
NP_006209.2 350 D H,Damaging,306,,0,,1
NP_006209.2 350 D G,Damaging,306,,0,,2
NP_006209.2 350 D V,Damaging,306,,0,,0
NP_006209.2 350 D G,Damaging,306,,0,,2
NP_006209.2 352 D Y,Damaging,306,,0,,0
NP_006209.2 354 I T,Damaging,306,,0,,1
NP_006209.2 356 V I,Damaging,306,,0,,3
NP_006209.2 356 V A,Damaging,306,,0,,0
NP_006209.2 357 R G,Damaging,306,,0,,0
NP_006209.2 357 R Q,Damaging,306,,0,,6
NP_006209.2 357 R L,Damaging,306,,0,,0
NP_006209.2 358 T I,Damaging,305,F,0,,0
NP_006209.2 359 G R,Damaging,305,F,0,,0
NP_006209.2 359 G D,Damaging,305,F,0,,0
NP_006209.2 362 H Y,Damaging,306,,0,,0
NP_006209.2 363 G A,Damaging,306,,0,,0
NP_006209.2 364 G R,Damaging,300,V A,0,,0
NP_006209.2 364 G K,Damaging,300,V A,0,,0
NP_006209.2 364 G E,Damaging,300,V A,0,,2
NP_006209.2 364 G A,Benign,300,V A,1,A,3
NP_006209.2 365 E K,Damaging,306,,0,,1
NP_006209.2 365 E Q,Damaging,306,,0,,0
NP_006209.2 365 E V,Damaging,306,,0,,0
NP_006209.2 365 E K,Damaging,306,,0,,1
NP_006209.2 366 P H,Damaging,182,Q,0,,0
NP_006209.2 366 P R,Damaging,182,Q,0,,1
NP_006209.2 366 P L,Damaging,182,Q,0,,4
NP_006209.2 366 P R,Damaging,182,Q,0,,1
NP_006209.2 366 P R,Damaging,182,Q,0,,1
NP_006209.2 370 N S,Damaging,304,I T,0,,1
NP_006209.2 371 V M,Damaging,306,,0,,1
NP_006209.2 373 T N,Damaging,305,S,0,,0
NP_006209.2 377 P H,Damaging,305,F,0,,0
NP_006209.2 377 P R,Damaging,305,F,0,,0
NP_006209.2 377 P L,Damaging,305,F,0,,0
NP_006209.2 378 C R,Damaging,305,F,0,,0
NP_006209.2 378 C Y,Damaging,305,F,0,,2
NP_006209.2 378 C F,Benign,305,F,1,F,6
NP_006209.2 378 C W,Damaging,305,F,0,,2
NP_006209.2 378 C F,Benign,305,F,1,F,6
NP_006209.2 378 C Y,Damaging,305,F,0,,2
NP_006209.2 379 S T,Damaging,305,F,0,,8
NP_006209.2 380 N S,Damaging,306,,0,,11
NP_006209.2 381 P A,Damaging,306,,0,,1
NP_006209.2 383 W R,Damaging,305,F,0,,0
NP_006209.2 385 E K,Damaging,306,,0,,1
NP_006209.2 385 E D,Damaging,306,,0,,0
NP_006209.2 388 N K,Benign,141,M Q T L K S P A,2,K,3
NP_006209.2 390 D N,Damaging,290,E,0,,3
NP_006209.2 391 I M,Benign,87,M,219,M,5
NP_006209.2 391 I M,Benign,87,M,219,M,5
NP_006209.2 392 Y H,Benign,280,Q F L N H,8,H,0
NP_006209.2 392 Y H,Benign,280,Q F L N H,8,H,0
NP_006209.2 395 D N,Damaging,276,E,0,,0
NP_006209.2 395 D N,Damaging,276,E,0,,0
NP_006209.2 396 L F,Damaging,185,I V,0,,1
NP_006209.2 398 R H,Damaging,299,S C,0,,2
NP_006209.2 399 A T,Damaging,306,,0,,1
NP_006209.2 399 A S,Damaging,306,,0,,45
NP_006209.2 400 A V,Damaging,306,,0,,1
NP_006209.2 401 R Q,Damaging,306,,0,,0
NP_006209.2 402 L F,Damaging,305,I,0,,0
NP_006209.2 402 L F,Damaging,305,I,0,,0
NP_006209.2 402 L H,Damaging,305,I,0,,0
NP_006209.2 405 S F,Damaging,306,,0,,0
NP_006209.2 405 S F,Damaging,306,,0,,0
NP_006209.2 406 I V,Benign,305,V,1,V,11
NP_006209.2 407 C F,Damaging,306,,0,,0
NP_006209.2 407 C W,Damaging,306,,0,,0
NP_006209.2 407 C Y,Damaging,306,,0,,5
NP_006209.2 409 V I,Damaging,306,,0,,1
NP_006209.2 409 V L,Damaging,306,,0,,1
NP_006209.2 411 G D,Damaging,306,,0,,5
NP_006209.2 411 G S,Damaging,306,,0,,0
NP_006209.2 412 R Q,Damaging,306,,0,,4
NP_006209.2 413 K N,Damaging,305,Q,0,,2
NP_006209.2 415 A V,Damaging,306,,0,,0
NP_006209.2 417 E K,Damaging,306,,0,,27
NP_006209.2 417 E Q,Damaging,306,,0,,0
NP_006209.2 418 E K,Damaging,305,V,0,,0
NP_006209.2 418 E Q,Damaging,305,V,0,,0
NP_006209.2 418 E D,Damaging,305,V,0,,0
NP_006209.2 418 E K,Damaging,305,V,0,,0
NP_006209.2 419 H N,Damaging,305,K,0,,0
NP_006209.2 419 H Q,Damaging,305,K,0,,4
NP_006209.2 420 C R,Damaging,306,,0,,0
NP_006209.2 420 C R,Damaging,306,,0,,0
NP_006209.2 421 P T,Damaging,306,,0,,1
NP_006209.2 421 P S,Damaging,306,,0,,0
NP_006209.2 421 P L,Damaging,306,,0,,2
NP_006209.2 421 P L,Damaging,306,,0,,2
NP_006209.2 422 L W,Damaging,306,,0,,0
NP_006209.2 424 W R,Damaging,306,,0,,0
NP_006209.2 424 W L,Damaging,306,,0,,0
NP_006209.2 429 L F,Damaging,221,M C,0,,0
NP_006209.2 432 Y N,Damaging,306,,0,,0
NP_006209.2 438 S F,Damaging,222,A,0,,0
NP_006209.2 439 G V,Damaging,296,N S,0,,0
NP_006209.2 442 A V,Damaging,306,,0,,1
NP_006209.2 443 L S,Damaging,306,,0,,0
NP_006209.2 445 L F,Damaging,306,,0,,0
NP_006209.2 446 W L,Damaging,305,F,0,,5
NP_006209.2 448 V A,Damaging,305,F,0,,1
NP_006209.2 448 V L,Damaging,305,F,0,,5
NP_006209.2 449 P T,Damaging,306,,0,,0
NP_006209.2 449 P S,Damaging,306,,0,,2
NP_006209.2 449 P R,Damaging,306,,0,,0
NP_006209.2 449 P L,Damaging,306,,0,,0
NP_006209.2 449 P T,Damaging,306,,0,,0
NP_006209.2 450 H D,Damaging,306,,0,,5
NP_006209.2 450 H R,Damaging,306,,0,,3
NP_006209.2 451 G R,Damaging,306,,0,,0
NP_006209.2 451 G V,Damaging,306,,0,,0
NP_006209.2 453 E K,Damaging,306,,0,,0
NP_006209.2 453 E Q,Damaging,306,,0,,0
NP_006209.2 453 E A,Damaging,306,,0,,0
NP_006209.2 453 E G,Damaging,306,,0,,0
NP_006209.2 453 E V,Damaging,306,,0,,0
NP_006209.2 453 E D,Damaging,306,,0,,35
NP_006209.2 453 E K,Damaging,306,,0,,0
NP_006209.2 454 D N,Damaging,306,,0,,0
NP_006209.2 454 D H,Damaging,306,,0,,0
NP_006209.2 454 D Y,Damaging,306,,0,,0
NP_006209.2 454 D G,Damaging,306,,0,,1
NP_006209.2 454 D G,Damaging,306,,0,,1
NP_006209.2 456 L R,Damaging,306,,0,,0
NP_006209.2 457 N K,Damaging,306,,0,,0
NP_006209.2 457 N K,Damaging,306,,0,,0
NP_006209.2 459 I V,Damaging,306,,0,,0
NP_006209.2 459 I S,Damaging,306,,0,,0
NP_006209.2 460 G D,Damaging,306,,0,,1
NP_006209.2 460 G S,Damaging,306,,0,,0
NP_006209.2 461 V I,Benign,305,I,1,I,10
NP_006209.2 462 T S,Benign,300,S A,5,S,3
NP_006209.2 463 G R,Damaging,306,,0,,4
NP_006209.2 466 P S,Damaging,305,F,0,,0
NP_006209.2 469 E K,Damaging,306,,0,,0
NP_006209.2 471 P A,Damaging,306,,0,,12
NP_006209.2 471 P L,Damaging,306,,0,,0
NP_006209.2 471 P L,Damaging,306,,0,,0
NP_006209.2 472 C Y,Damaging,306,,0,,0
NP_006209.2 474 E A,Damaging,306,,0,,0
NP_006209.2 475 L V,Damaging,298,M I,0,,11
NP_006209.2 475 L F,Damaging,298,M I,0,,0
NP_006209.2 476 E K,Damaging,306,,0,,0
NP_006209.2 476 E Q,Damaging,306,,0,,0
NP_006209.2 481 S G,Benign,301,N G F,3,G,4
NP_006209.2 481 S I,Damaging,301,N G F,0,,0
NP_006209.2 487 P Q,Damaging,306,,0,,0
NP_006209.2 488 D V,Damaging,293,N E,0,,0
NP_006209.2 489 M I,Damaging,303,L K T,0,,1
NP_006209.2 493 E K,Benign,305,K,1,K,3
NP_006209.2 493 E K,Benign,305,K,1,K,3
NP_006209.2 494 E V,Damaging,197,D M G,0,,0
NP_006209.2 494 E K,Damaging,197,D M G,0,,3
NP_006209.2 495 H Y,Benign,304,Q Y,1,Y,22
NP_006209.2 495 H L,Damaging,304,Q Y,0,,15
NP_006209.2 496 A V,Damaging,306,,0,,1
NP_006209.2 497 N Y,Damaging,302,I S T,0,,0
NP_006209.2 497 N S,Benign,302,I S T,1,S,7
NP_006209.2 499 S F,Damaging,87,M T I N V A,0,,0
NP_006209.2 502 R Q,Damaging,302,S K T,0,,0
NP_006209.2 503 E K,Benign,302,D K,1,K,1
NP_006209.2 509 S F,Benign,186,G T F L C N A,6,F,1
NP_006209.2 510 H N,Damaging,198,Y Q L I C P,0,,0
NP_006209.2 511 A T,Benign,167,T S C P N H,80,T,2
NP_006209.2 512 G R,Damaging,299,S V A I,0,,0
NP_006209.2 512 G E,Damaging,299,S V A I,0,,1
NP_006209.2 515 N D,Damaging,278,K S T,0,,5
NP_006209.2 515 N S,Benign,278,K S T,24,S,10
NP_006209.2 515 N K,Benign,278,K S T,1,K,1
NP_006209.2 515 N S,Benign,278,K S T,24,S,10
NP_006209.2 516 R K,Damaging,306,,0,,2
NP_006209.2 518 A G,Damaging,300,V T,0,,6
NP_006209.2 519 R G,Damaging,306,,0,,1
NP_006209.2 519 R T,Damaging,306,,0,,2
NP_006209.2 520 D N,Damaging,304,E,0,,6
NP_006209.2 520 D V,Damaging,304,E,0,,0
NP_006209.2 521 N S,Benign,239,L I S K C H,15,S,17
NP_006209.2 522 E K,Damaging,185,D T I S P V A H,0,,2
NP_006209.2 522 E A,Benign,185,D T I S P V A H,34,A,3
NP_006209.2 522 E G,Damaging,185,D T I S P V A H,0,,5
NP_006209.2 523 L I,Benign,271,M V F I,8,I,6
NP_006209.2 523 L S,Damaging,271,M V F I,0,,4
NP_006209.2 524 R K,Damaging,169,M S T,0,,0
NP_006209.2 524 R M,Benign,169,M S T,4,M,0
NP_006209.2 525 E K,Damaging,220,D A T,0,,5
NP_006209.2 526 N D,Damaging,104,G T I C S V A,0,,0
NP_006209.2 527 D N,Damaging,305,E,0,,3
NP_006209.2 529 E K,Damaging,295,D,0,,7
NP_006209.2 530 Q R,Damaging,305,F,0,,4
NP_006209.2 531 L V,Damaging,299,M I F,0,,3
NP_006209.2 531 L P,Damaging,299,M I F,0,,0
NP_006209.2 533 A V,Damaging,178,L Q S H,0,,0
NP_006209.2 533 A V,Damaging,178,L Q S H,0,,0
NP_006209.2 534 I T,Damaging,170,L V,0,,0
NP_006209.2 535 S F,Damaging,29,G C A,0,,0
NP_006209.2 536 T A,Benign,179,N S A,2,A,7
NP_006209.2 536 T I,Damaging,179,N S A,0,,0
NP_006209.2 537 R Q,Damaging,302,K,0,,1
NP_006209.2 538 D N,Damaging,306,,0,,0
NP_006209.2 538 D Y,Damaging,306,,0,,0
NP_006209.2 538 D G,Damaging,306,,0,,0
NP_006209.2 539 P T,Damaging,302,A,0,,3
NP_006209.2 539 P S,Damaging,302,A,0,,5
NP_006209.2 539 P R,Damaging,302,A,0,,2
NP_006209.2 539 P L,Damaging,302,A,0,,1
NP_006209.2 539 P L,Damaging,302,A,0,,1
NP_006209.2 539 P R,Damaging,302,A,0,,2
NP_006209.2 539 P S,Damaging,302,A,0,,5
NP_006209.2 540 L I,Damaging,306,,0,,0
NP_006209.2 540 L F,Damaging,306,,0,,0
NP_006209.2 541 S T,Damaging,306,,0,,0
NP_006209.2 541 S P,Damaging,306,,0,,0
NP_006209.2 541 S Y,Damaging,306,,0,,7
NP_006209.2 541 S F,Damaging,306,,0,,1
NP_006209.2 542 E K,Damaging,302,D,0,,0
NP_006209.2 542 E Q,Damaging,302,D,0,,0
NP_006209.2 542 E R,Damaging,302,D,0,,0
NP_006209.2 542 E A,Damaging,302,D,0,,0
NP_006209.2 542 E G,Damaging,302,D,0,,0
NP_006209.2 542 E V,Damaging,302,D,0,,0
NP_006209.2 542 E A,Damaging,302,D,0,,0
NP_006209.2 542 E G,Damaging,302,D,0,,0
NP_006209.2 542 E K,Damaging,302,D,0,,0
NP_006209.2 542 E Q,Damaging,302,D,0,,0
NP_006209.2 542 E V,Damaging,302,D,0,,0
NP_006209.2 543 I V,Benign,305,V,1,V,1
NP_006209.2 543 I F,Damaging,305,V,0,,2
NP_006209.2 543 I N,Damaging,305,V,0,,0
NP_006209.2 544 T P,Damaging,306,,0,,0
NP_006209.2 544 T N,Damaging,306,,0,,1
NP_006209.2 544 T I,Damaging,306,,0,,0
NP_006209.2 545 E K,Damaging,306,,0,,0
NP_006209.2 545 E Q,Damaging,306,,0,,1
NP_006209.2 545 E A,Damaging,306,,0,,0
NP_006209.2 545 E G,Damaging,306,,0,,0
NP_006209.2 545 E V,Damaging,306,,0,,3
NP_006209.2 545 E D,Damaging,306,,0,,4
NP_006209.2 545 E D,Damaging,306,,0,,4
NP_006209.2 545 E K,Damaging,306,,0,,0
NP_006209.2 545 E A,Damaging,306,,0,,0
NP_006209.2 545 E D,Damaging,306,,0,,4
NP_006209.2 545 E G,Damaging,306,,0,,0
NP_006209.2 545 E K,Damaging,306,,0,,0
NP_006209.2 545 E L,Damaging,306,,0,,0
NP_006209.2 545 E Q,Damaging,306,,0,,1
NP_006209.2 545 E V,Damaging,306,,0,,3
NP_006209.2 545 E X,Damaging,306,,0,,0
NP_006209.2 546 Q K,Damaging,306,,0,,0
NP_006209.2 546 Q E,Damaging,306,,0,,2
NP_006209.2 546 Q P,Damaging,306,,0,,0
NP_006209.2 546 Q R,Damaging,306,,0,,0
NP_006209.2 546 Q L,Damaging,306,,0,,0
NP_006209.2 546 Q P,Damaging,306,,0,,0
NP_006209.2 546 Q H,Damaging,306,,0,,5
NP_006209.2 546 Q H,Damaging,306,,0,,5
NP_006209.2 546 Q E,Damaging,306,,0,,2
NP_006209.2 546 Q H,Damaging,306,,0,,5
NP_006209.2 546 Q K,Damaging,306,,0,,0
NP_006209.2 546 Q L,Damaging,306,,0,,0
NP_006209.2 546 Q P,Damaging,306,,0,,0
NP_006209.2 546 Q R,Damaging,306,,0,,0
NP_006209.2 546 Q X,Damaging,306,,0,,0
NP_006209.2 547 E K,Damaging,306,,0,,0
NP_006209.2 547 E D,Damaging,306,,0,,17
NP_006209.2 547 E K,Damaging,306,,0,,0
NP_006209.2 547 E L,Damaging,306,,0,,0
NP_006209.2 548 K T,Damaging,306,,0,,0
NP_006209.2 549 D N,Damaging,300,E,0,,1
NP_006209.2 549 D H,Damaging,300,E,0,,0
NP_006209.2 549 D A,Damaging,300,E,0,,2
NP_006209.2 549 D H,Damaging,300,E,0,,0
NP_006209.2 549 D N,Damaging,300,E,0,,1
NP_006209.2 550 F Y,Damaging,305,L,0,,0
NP_006209.2 550 F S,Damaging,305,L,0,,0
NP_006209.2 551 L P,Damaging,302,V,0,,0
NP_006209.2 552 W G,Damaging,306,,0,,0
NP_006209.2 552 W C,Damaging,306,,0,,0
NP_006209.2 552 W C,Damaging,306,,0,,0
NP_006209.2 553 S N,Damaging,178,R T,0,,1
NP_006209.2 553 S T,Benign,178,R T,1,T,3
NP_006209.2 553 S N,Damaging,178,R T,0,,1
NP_006209.2 553 S T,Benign,178,R T,1,T,3
NP_006209.2 555 R K,Damaging,306,,0,,0
NP_006209.2 562 P L,Damaging,306,,0,,0
NP_006209.2 563 E K,Damaging,289,D,0,,2
NP_006209.2 566 P L,Damaging,306,,0,,0
NP_006209.2 567 K R,Damaging,306,,0,,13
NP_006209.2 569 L I,Damaging,306,,0,,1
NP_006209.2 569 L I,Damaging,306,,0,,1
NP_006209.2 576 S Y,Damaging,299,C A,0,,0
NP_006209.2 579 E K,Damaging,299,D A,0,,0
NP_006209.2 581 A S,Benign,286,S T,14,S,23
NP_006209.2 583 M T,Damaging,306,,0,,1
NP_006209.2 589 D H,Damaging,290,N G E,0,,1
NP_006209.2 593 I V,Damaging,303,T,0,,33
NP_006209.2 593 I M,Damaging,303,T,0,,6
NP_006209.2 594 K E,Damaging,279,Q R,0,,5
NP_006209.2 597 Q P,Damaging,305,L,0,,0
NP_006209.2 597 Q L,Benign,305,L,1,L,1
NP_006209.2 600 E K,Damaging,306,,0,,0
NP_006209.2 600 E V,Damaging,306,,0,,0
NP_006209.2 603 D N,Damaging,306,,0,,0
NP_006209.2 603 D H,Damaging,306,,0,,0
NP_006209.2 604 C R,Damaging,300,F,0,,0
NP_006209.2 604 C Y,Damaging,300,F,0,,0
NP_006209.2 606 Y C,Damaging,230,F,0,,0
NP_006209.2 607 P Q,Damaging,306,,0,,0
NP_006209.2 609 P S,Damaging,298,R F,0,,0
NP_006209.2 609 P H,Damaging,298,R F,0,,0
NP_006209.2 612 R Q,Damaging,306,,0,,0
NP_006209.2 614 F I,Damaging,306,,0,,0
NP_006209.2 617 R W,Damaging,217,M Q T K S C H A,0,,0
NP_006209.2 617 R Q,Benign,217,M Q T K S C H A,4,Q,3
NP_006209.2 620 E K,Damaging,294,D,0,,0
NP_006209.2 628 L V,Damaging,306,,0,,4
NP_006209.2 629 S C,Damaging,305,F,0,,0
NP_006209.2 636 V L,Damaging,306,,0,,0
NP_006209.2 638 V A,Damaging,306,,0,,17
NP_006209.2 642 E K,Damaging,306,,0,,0
NP_006209.2 643 Q R,Damaging,306,,0,,0
NP_006209.2 643 Q H,Damaging,306,,0,,0
NP_006209.2 643 Q R,Damaging,306,,0,,0
NP_006209.2 648 L S,Damaging,119,Q H P,0,,5
NP_006209.2 657 A S,Damaging,306,,0,,22
NP_006209.2 658 L F,Damaging,306,,0,,0
NP_006209.2 661 Q K,Damaging,306,,0,,7
NP_006209.2 667 F L,Damaging,306,,0,,13
NP_006209.2 667 F L,Damaging,306,,0,,13
NP_006209.2 673 S T,Damaging,305,F,0,,1
NP_006209.2 674 E Q,Damaging,305,F,0,,0
NP_006209.2 674 E D,Damaging,305,F,0,,5
NP_006209.2 677 N D,Damaging,306,,0,,11
NP_006209.2 678 K E,Damaging,306,,0,,0
NP_006209.2 682 Q K,Damaging,306,,0,,0
NP_006209.2 682 Q H,Damaging,306,,0,,1
NP_006209.2 683 R M,Damaging,306,,0,,0
NP_006209.2 684 F L,Damaging,306,,0,,0
NP_006209.2 685 G C,Damaging,306,,0,,0
NP_006209.2 685 G D,Damaging,306,,0,,2
NP_006209.2 693 R C,Damaging,305,F,0,,0
NP_006209.2 693 R H,Damaging,305,F,0,,0
NP_006209.2 694 A S,Benign,305,S,1,S,4
NP_006209.2 696 G E,Damaging,306,,0,,0
NP_006209.2 697 M L,Damaging,303,V,0,,0
NP_006209.2 697 M I,Damaging,303,V,0,,0
NP_006209.2 699 L M,Damaging,306,,0,,4
NP_006209.2 701 H Y,Damaging,306,,0,,0
NP_006209.2 701 H P,Damaging,306,,0,,2
NP_006209.2 701 H P,Damaging,306,,0,,2
NP_006209.2 702 L Q,Damaging,306,,0,,0
NP_006209.2 703 N S,Benign,93,G S,206,S,8
NP_006209.2 705 Q K,Damaging,306,,0,,2
NP_006209.2 707 E K,Damaging,306,,0,,0
NP_006209.2 707 E V,Damaging,306,,0,,0
NP_006209.2 707 E K,Damaging,306,,0,,0
NP_006209.2 710 E Q,Damaging,304,D,0,,0
NP_006209.2 711 K T,Damaging,305,F,0,,0
NP_006209.2 711 K N,Damaging,305,F,0,,0
NP_006209.2 712 L I,Damaging,305,F,0,,2
NP_006209.2 712 L F,Damaging,305,F,1,F,0
NP_006209.2 712 L P,Damaging,305,F,0,,0
NP_006209.2 714 N D,Damaging,306,,0,,0
NP_006209.2 714 N K,Damaging,306,,0,,27
NP_006209.2 715 L S,Damaging,305,I,0,,0
NP_006209.2 717 D Y,Damaging,305,E,0,,0
NP_006209.2 719 L F,Damaging,306,,0,,0
NP_006209.2 719 L V,Damaging,306,,0,,7
NP_006209.2 722 E K,Damaging,306,,0,,8
NP_006209.2 722 E D,Damaging,306,,0,,7
NP_006209.2 725 D N,Damaging,306,,0,,5
NP_006209.2 725 D Y,Damaging,306,,0,,0
NP_006209.2 725 D G,Damaging,306,,0,,1
NP_006209.2 726 E K,Damaging,306,,0,,0
NP_006209.2 726 E A,Damaging,306,,0,,0
NP_006209.2 726 E G,Damaging,306,,0,,0
NP_006209.2 726 E K,Damaging,306,,0,,0
NP_006209.2 727 T I,Damaging,226,A P,0,,0
NP_006209.2 729 K N,Damaging,306,,0,,0
NP_006209.2 731 Q R,Damaging,306,,0,,25
NP_006209.2 732 M I,Damaging,306,,0,,2
NP_006209.2 733 K R,Benign,296,R,10,R,9
NP_006209.2 734 F S,Damaging,306,,0,,1
NP_006209.2 737 E K,Damaging,297,D,0,,2
NP_006209.2 741 R Q,Benign,282,Q,24,Q,40
NP_006209.2 744 F I,Damaging,176,Y,0,,0
NP_006209.2 744 F L,Damaging,176,Y,0,,0
NP_006209.2 746 D Y,Damaging,306,,0,,0
NP_006209.2 746 D V,Damaging,306,,0,,0
NP_006209.2 747 A V,Damaging,305,G,0,,4
NP_006209.2 748 L I,Damaging,305,Y,0,,1
NP_006209.2 749 Q H,Damaging,306,,0,,1
NP_006209.2 750 G A,Damaging,182,N K S,0,,0
NP_006209.2 752 L V,Benign,83,V S T I,2,V,4
NP_006209.2 757 P L,Damaging,306,,0,,0
NP_006209.2 759 H N,Damaging,306,,0,,3
NP_006209.2 760 Q K,Damaging,306,,0,,2
NP_006209.2 760 Q E,Damaging,306,,0,,1
NP_006209.2 766 L I,Damaging,302,A F,0,,9
NP_006209.2 766 L F,Benign,302,A F,3,F,0
NP_006209.2 768 E Q,Damaging,290,D V,0,,9
NP_006209.2 770 R Q,Damaging,306,,0,,1
NP_006209.2 770 R L,Damaging,306,,0,,1
NP_006209.2 773 S P,Damaging,306,,0,,0
NP_006209.2 773 S F,Damaging,306,,0,,0
NP_006209.2 775 A T,Damaging,306,,0,,0
NP_006209.2 777 R K,Damaging,306,,0,,15
NP_006209.2 777 R M,Damaging,306,,0,,0
NP_006209.2 778 P S,Damaging,306,,0,,0
NP_006209.2 779 L M,Damaging,306,,0,,1
NP_006209.2 779 L R,Damaging,306,,0,,0
NP_006209.2 780 W C,Damaging,306,,0,,4
NP_006209.2 781 L W,Damaging,305,F,0,,0
NP_006209.2 782 N S,Damaging,305,E,0,,0
NP_006209.2 784 E D,Damaging,305,V,0,,7
NP_006209.2 784 E D,Damaging,305,V,0,,7
NP_006209.2 788 I V,Damaging,232,M,0,,1
NP_006209.2 788 I T,Damaging,232,M,0,,1
NP_006209.2 789 M L,Damaging,306,,0,,18
NP_006209.2 791 E Q,Damaging,306,,0,,4
NP_006209.2 798 E K,Damaging,306,,0,,14
NP_006209.2 799 I F,Damaging,305,V,0,,2
NP_006209.2 805 D N,Damaging,306,,0,,0
NP_006209.2 808 R W,Damaging,306,,0,,0
NP_006209.2 808 R Q,Damaging,306,,0,,0
NP_006209.2 808 R W,Damaging,306,,0,,0
NP_006209.2 809 Q H,Damaging,306,,0,,0
NP_006209.2 811 M I,Damaging,306,,0,,0
NP_006209.2 816 I N,Damaging,306,,0,,0
NP_006209.2 816 I S,Damaging,306,,0,,0
NP_006209.2 816 I M,Damaging,306,,0,,10
NP_006209.2 818 R C,Damaging,286,K F,0,,0
NP_006209.2 818 R H,Damaging,286,K F,0,,0
NP_006209.2 823 I V,Damaging,305,M,0,,0
NP_006209.2 826 N S,Benign,304,I S,1,S,2
NP_006209.2 827 Q H,Damaging,306,,0,,2
NP_006209.2 828 G S,Damaging,306,,0,,0
NP_006209.2 831 L V,Damaging,306,,0,,0
NP_006209.2 835 P S,Damaging,305,L,0,,0
NP_006209.2 836 Y C,Damaging,306,,0,,0
NP_006209.2 839 L V,Damaging,296,M,0,,2
NP_006209.2 841 I V,Damaging,286,L,0,,0
NP_006209.2 842 G S,Damaging,306,,0,,0
NP_006209.2 843 D E,Damaging,306,,0,,2
NP_006209.2 846 G V,Damaging,306,,0,,0
NP_006209.2 848 I S,Damaging,306,,0,,0
NP_006209.2 849 E K,Damaging,306,,0,,0
NP_006209.2 851 V A,Damaging,306,,0,,0
NP_006209.2 852 R Q,Damaging,306,,0,,3
NP_006209.2 856 T A,Damaging,306,,0,,0
NP_006209.2 865 G S,Damaging,306,,0,,8
NP_006209.2 865 G D,Damaging,306,,0,,0
NP_006209.2 866 L W,Damaging,301,I,0,,0
NP_006209.2 866 L F,Damaging,301,I,0,,1
NP_006209.2 872 F L,Damaging,306,,0,,13
NP_006209.2 875 H Y,Damaging,266,N S T,0,,0
NP_006209.2 878 H N,Damaging,306,,0,,0
NP_006209.2 879 Q K,Damaging,306,,0,,30
NP_006209.2 879 Q R,Damaging,306,,0,,8
NP_006209.2 883 D H,Damaging,305,F,0,,0
NP_006209.2 886 K E,Damaging,300,R,0,,1
NP_006209.2 887 G R,Damaging,306,,0,,1
NP_006209.2 889 I L,Benign,93,L M T,1,L,4
NP_006209.2 889 I M,Benign,93,L M T,202,M,2
NP_006209.2 898 T A,Damaging,306,,0,,0
NP_006209.2 899 R C,Damaging,306,,0,,1
NP_006209.2 899 R H,Damaging,306,,0,,7
NP_006209.2 900 S T,Damaging,306,,0,,0
NP_006209.2 901 C F,Damaging,306,,0,,1
NP_006209.2 903 G R,Damaging,306,,0,,0
NP_006209.2 905 C S,Damaging,306,,0,,1
NP_006209.2 906 V I,Damaging,306,,0,,1
NP_006209.2 907 A T,Damaging,305,V,0,,0
NP_006209.2 907 A P,Damaging,305,V,0,,0
NP_006209.2 907 A V,Damaging,305,V,1,V,0
NP_006209.2 909 F L,Damaging,306,,0,,1
NP_006209.2 909 F C,Damaging,306,,0,,0
NP_006209.2 909 F L,Damaging,306,,0,,1
NP_006209.2 909 F L,Damaging,306,,0,,1
NP_006209.2 914 G R,Damaging,306,,0,,0
NP_006209.2 914 G R,Damaging,306,,0,,0
NP_006209.2 914 G R,Damaging,306,,0,,0
NP_006209.2 916 R S,Damaging,306,,0,,0
NP_006209.2 916 R C,Damaging,306,,0,,0
NP_006209.2 916 R H,Damaging,306,,0,,0
NP_006209.2 917 H N,Damaging,306,,0,,15
NP_006209.2 926 D N,Benign,299,N,7,N,12
NP_006209.2 927 G R,Damaging,306,,0,,0
NP_006209.2 931 H Y,Damaging,305,F,0,,0
NP_006209.2 939 D G,Damaging,306,,0,,37
NP_006209.2 939 D G,Damaging,306,,0,,37
NP_006209.2 943 K E,Damaging,306,,0,,0
NP_006209.2 943 K T,Damaging,306,,0,,4
NP_006209.2 948 K E,Damaging,305,N,0,,0
NP_006209.2 949 R Q,Damaging,305,F,0,,0
NP_006209.2 950 E A,Damaging,305,F,0,,0
NP_006209.2 951 R C,Damaging,305,F,0,,0
NP_006209.2 951 R H,Damaging,305,F,0,,0
NP_006209.2 951 R C,Damaging,305,F,0,,0
NP_006209.2 953 P L,Damaging,306,,0,,0
NP_006209.2 956 L F,Damaging,306,,0,,0
NP_006209.2 957 T I,Damaging,306,,0,,0
NP_006209.2 958 Q K,Damaging,306,,0,,0
NP_006209.2 958 Q R,Damaging,306,,0,,0
NP_006209.2 969 Q K,Damaging,304,F P,0,,0
NP_006209.2 970 E K,Damaging,305,F,0,,5
NP_006209.2 970 E Q,Damaging,305,F,0,,10
NP_006209.2 970 E K,Damaging,305,F,0,,5
NP_006209.2 971 C R,Damaging,294,Y,0,,0
NP_006209.2 972 T I,Damaging,299,A,0,,3
NP_006209.2 974 T R,Damaging,306,,0,,0
NP_006209.2 975 R K,Benign,295,K,11,K,24
NP_006209.2 975 R S,Damaging,295,K,0,,0
NP_006209.2 978 E K,Damaging,306,,0,,14
NP_006209.2 978 E Q,Damaging,306,,0,,18
NP_006209.2 978 E G,Damaging,306,,0,,1
NP_006209.2 979 R G,Damaging,306,,0,,0
NP_006209.2 981 Q E,Damaging,306,,0,,1
NP_006209.2 982 E K,Damaging,306,,0,,5
NP_006209.2 982 E Q,Damaging,306,,0,,9
NP_006209.2 982 E G,Damaging,306,,0,,4
NP_006209.2 982 E D,Damaging,306,,0,,2
NP_006209.2 983 M I,Damaging,306,,0,,1
NP_006209.2 984 C Y,Damaging,306,,0,,0
NP_006209.2 985 Y S,Damaging,305,C,0,,1
NP_006209.2 986 K N,Damaging,306,,0,,2
NP_006209.2 987 A T,Damaging,306,,0,,0
NP_006209.2 989 L I,Damaging,306,,0,,2
NP_006209.2 989 L V,Damaging,306,,0,,2
NP_006209.2 990 A T,Damaging,306,,0,,1
NP_006209.2 990 A G,Damaging,306,,0,,0
NP_006209.2 992 R Q,Damaging,306,,0,,0
NP_006209.2 992 R P,Damaging,306,,0,,0
NP_006209.2 992 R L,Damaging,306,,0,,0
NP_006209.2 993 Q R,Damaging,306,,0,,19
NP_006209.2 994 H Y,Damaging,305,R,0,,1
NP_006209.2 995 A D,Damaging,306,,0,,0
NP_006209.2 996 N S,Damaging,306,,0,,5
NP_006209.2 996 N I,Damaging,306,,0,,0
NP_006209.2 997 L I,Damaging,306,,0,,0
NP_006209.2 998 F S,Damaging,306,,0,,0
NP_006209.2 1000 N D,Damaging,306,,0,,0
NP_006209.2 1001 L I,Damaging,306,,0,,0
NP_006209.2 1001 L V,Damaging,306,,0,,0
NP_006209.2 1001 L F,Damaging,306,,0,,0
NP_006209.2 1001 L H,Damaging,306,,0,,0
NP_006209.2 1002 F S,Damaging,306,,0,,0
NP_006209.2 1002 F L,Damaging,306,,0,,3
NP_006209.2 1003 S P,Damaging,306,,0,,0
NP_006209.2 1003 S L,Damaging,306,,0,,1
NP_006209.2 1004 M V,Damaging,305,R,0,,0
NP_006209.2 1004 M R,Damaging,305,R,1,R,0
NP_006209.2 1004 M I,Damaging,305,R,0,,0
NP_006209.2 1004 M I,Damaging,305,R,0,,0
NP_006209.2 1004 M I,Damaging,305,R,0,,0
NP_006209.2 1005 M V,Damaging,305,L,0,,0
NP_006209.2 1005 M I,Damaging,305,L,0,,1
NP_006209.2 1006 L I,Damaging,305,F,0,,1
NP_006209.2 1006 L F,Damaging,305,F,1,F,0
NP_006209.2 1006 L H,Damaging,305,F,0,,0
NP_006209.2 1006 L P,Damaging,305,F,0,,0
NP_006209.2 1006 L F,Damaging,305,F,1,F,0
NP_006209.2 1007 G R,Damaging,306,,0,,0
NP_006209.2 1007 G D,Damaging,306,,0,,1
NP_006209.2 1007 G V,Damaging,306,,0,,0
NP_006209.2 1007 G R,Damaging,306,,0,,0
NP_006209.2 1008 S P,Damaging,304,L C,0,,0
NP_006209.2 1008 S C,Benign,304,L C,1,C,20
NP_006209.2 1008 S F,Damaging,304,L C,0,,0
NP_006209.2 1008 S P,Damaging,304,L C,0,,0
NP_006209.2 1009 G E,Damaging,303,V T,0,,3
NP_006209.2 1010 M I,Benign,302,I K F,2,I,44
NP_006209.2 1011 P S,Damaging,304,I F,0,,5
NP_006209.2 1011 P L,Damaging,304,I F,0,,0
NP_006209.2 1012 E K,Damaging,305,K,1,K,0
NP_006209.2 1012 E Q,Damaging,305,K,0,,0
NP_006209.2 1012 E G,Damaging,305,K,0,,0
NP_006209.2 1012 E G,Damaging,305,K,0,,0
NP_006209.2 1012 E K,Damaging,305,K,1,K,0
NP_006209.2 1014 Q R,Damaging,303,M K,0,,0
NP_006209.2 1015 S P,Damaging,306,,0,,0
NP_006209.2 1015 S Y,Damaging,306,,0,,0
NP_006209.2 1015 S F,Damaging,306,,0,,0
NP_006209.2 1016 F L,Damaging,306,,0,,13
NP_006209.2 1016 F C,Damaging,306,,0,,0
NP_006209.2 1017 D N,Damaging,306,,0,,1
NP_006209.2 1017 D H,Damaging,306,,0,,0
NP_006209.2 1017 D Y,Damaging,306,,0,,0
NP_006209.2 1017 D V,Damaging,306,,0,,0
NP_006209.2 1017 D E,Damaging,306,,0,,7
NP_006209.2 1017 D H,Damaging,306,,0,,0
NP_006209.2 1018 D N,Damaging,305,C,0,,0
NP_006209.2 1019 I V,Damaging,305,R,0,,13
NP_006209.2 1019 I F,Damaging,305,R,0,,0
NP_006209.2 1020 A T,Damaging,305,N,0,,1
NP_006209.2 1020 A V,Damaging,305,N,0,,0
NP_006209.2 1021 Y N,Damaging,306,,0,,0
NP_006209.2 1021 Y H,Damaging,306,,0,,0
NP_006209.2 1021 Y C,Damaging,306,,0,,0
NP_006209.2 1021 Y F,Damaging,306,,0,,0
NP_006209.2 1021 Y C,Damaging,306,,0,,0
NP_006209.2 1021 Y F,Damaging,306,,0,,0
NP_006209.2 1021 Y H,Damaging,306,,0,,0
NP_006209.2 1022 I V,Damaging,306,,0,,5
NP_006209.2 1023 R Q,Damaging,306,,0,,0
NP_006209.2 1023 R L,Damaging,306,,0,,0
NP_006209.2 1023 R Q,Damaging,306,,0,,0
NP_006209.2 1024 K R,Damaging,306,,0,,0
NP_006209.2 1025 T P,Damaging,306,,0,,0
NP_006209.2 1025 T A,Damaging,306,,0,,0
NP_006209.2 1025 T S,Damaging,306,,0,,6
NP_006209.2 1025 T N,Damaging,306,,0,,0
NP_006209.2 1025 T S,Damaging,306,,0,,6
NP_006209.2 1025 T I,Damaging,306,,0,,0
NP_006209.2 1025 T A,Damaging,306,,0,,0
NP_006209.2 1025 T S,Damaging,306,,0,,6
NP_006209.2 1026 L I,Damaging,306,,0,,0
NP_006209.2 1026 L P,Damaging,306,,0,,0
NP_006209.2 1027 A T,Damaging,306,,0,,0
NP_006209.2 1027 A V,Damaging,306,,0,,0
NP_006209.2 1027 A V,Damaging,306,,0,,0
NP_006209.2 1028 L F,Damaging,305,V,0,,0
NP_006209.2 1029 D N,Damaging,295,E,0,,0
NP_006209.2 1029 D H,Damaging,295,E,0,,0
NP_006209.2 1029 D Y,Damaging,295,E,0,,0
NP_006209.2 1029 D E,Benign,295,E,11,E,46
NP_006209.2 1029 D Y,Damaging,295,E,0,,0
NP_006209.2 1030 K E,Damaging,306,,0,,2
NP_006209.2 1030 K E,Damaging,306,,0,,2
NP_006209.2 1031 T S,Benign,239,S,67,S,18
NP_006209.2 1031 T I,Damaging,239,S,0,,1
NP_006209.2 1031 T A,Damaging,239,S,0,,1
NP_006209.2 1032 E K,Damaging,306,,0,,0
NP_006209.2 1032 E D,Damaging,306,,0,,6
NP_006209.2 1032 E K,Damaging,306,,0,,0
NP_006209.2 1033 Q R,Damaging,306,,0,,2
NP_006209.2 1033 Q R,Damaging,306,,0,,2
NP_006209.2 1034 E K,Damaging,306,,0,,4
NP_006209.2 1034 E G,Damaging,306,,0,,0
NP_006209.2 1034 E G,Damaging,306,,0,,0
NP_006209.2 1034 E L,Damaging,306,,0,,1
NP_006209.2 1035 A T,Damaging,306,,0,,0
NP_006209.2 1035 A V,Damaging,306,,0,,0
NP_006209.2 1036 L S,Damaging,305,V,0,,0
NP_006209.2 1036 L S,Damaging,305,V,0,,0
NP_006209.2 1037 E K,Damaging,185,D,0,,10
NP_006209.2 1037 E Q,Damaging,185,D,0,,10
NP_006209.2 1037 E G,Damaging,185,D,0,,0
NP_006209.2 1037 E D,Benign,185,D,121,D,1
NP_006209.2 1038 Y C,Damaging,306,,0,,0
NP_006209.2 1039 F L,Damaging,306,,0,,0
NP_006209.2 1039 F S,Damaging,306,,0,,0
NP_006209.2 1040 M L,Damaging,293,T,0,,4
NP_006209.2 1040 M V,Damaging,293,T,0,,0
NP_006209.2 1040 M L,Damaging,293,T,0,,4
NP_006209.2 1040 M T,Benign,293,T,13,T,8
NP_006209.2 1040 M I,Damaging,293,T,0,,1
NP_006209.2 1040 M I,Damaging,293,T,0,,1
NP_006209.2 1040 M V,Damaging,293,T,0,,0
NP_006209.2 1041 K N,Damaging,306,,0,,20
NP_006209.2 1043 M V,Damaging,304,L,0,,0
NP_006209.2 1043 M L,Benign,304,L,2,L,17
NP_006209.2 1043 M T,Damaging,304,L,0,,0
NP_006209.2 1043 M I,Damaging,304,L,0,,0
NP_006209.2 1043 M I,Damaging,304,L,0,,0
NP_006209.2 1043 M I,Damaging,304,L,0,,0
NP_006209.2 1043 M I,Damaging,304,L,0,,0
NP_006209.2 1043 M L,Benign,304,L,2,L,17
NP_006209.2 1043 M T,Damaging,304,L,0,,0
NP_006209.2 1043 M V,Damaging,304,L,0,,0
NP_006209.2 1044 N H,Damaging,306,,0,,2
NP_006209.2 1044 N D,Damaging,306,,0,,0
NP_006209.2 1044 N Y,Damaging,306,,0,,1
NP_006209.2 1044 N T,Damaging,306,,0,,0
NP_006209.2 1044 N S,Damaging,306,,0,,9
NP_006209.2 1044 N I,Damaging,306,,0,,0
NP_006209.2 1044 N K,Damaging,306,,0,,0
NP_006209.2 1044 N K,Damaging,306,,0,,0
NP_006209.2 1044 N K,Damaging,306,,0,,0
NP_006209.2 1044 N S,Damaging,306,,0,,9
NP_006209.2 1045 D N,Damaging,306,,0,,6
NP_006209.2 1045 D Y,Damaging,306,,0,,0
NP_006209.2 1045 D A,Damaging,306,,0,,1
NP_006209.2 1045 D V,Damaging,306,,0,,1
NP_006209.2 1045 D N,Damaging,306,,0,,6
NP_006209.2 1046 A T,Damaging,305,F,0,,0
NP_006209.2 1046 A E,Damaging,305,F,0,,0
NP_006209.2 1046 A V,Damaging,305,F,0,,0
NP_006209.2 1046 A T,Damaging,305,F,0,,0
NP_006209.2 1047 H N,Damaging,305,F,0,,0
NP_006209.2 1047 H Y,Damaging,305,F,0,,34
NP_006209.2 1047 H I,Damaging,305,F,0,,0
NP_006209.2 1047 H P,Damaging,305,F,0,,0
NP_006209.2 1047 H R,Damaging,305,F,0,,0
NP_006209.2 1047 H L,Damaging,305,F,0,,5
NP_006209.2 1047 H R,Damaging,305,F,0,,0
NP_006209.2 1047 H Q,Damaging,305,F,0,,1
NP_006209.2 1047 H Q,Damaging,305,F,0,,1
NP_006209.2 1047 H L,Damaging,305,F,0,,5
NP_006209.2 1047 H Q,Damaging,305,F,0,,1
NP_006209.2 1047 H R,Damaging,305,F,0,,0
NP_006209.2 1047 H T,Damaging,305,F,0,,0
NP_006209.2 1047 H Y,Damaging,305,F,0,,34
NP_006209.2 1048 H N,Damaging,304,Q F,0,,0
NP_006209.2 1048 H D,Damaging,304,Q F,0,,7
NP_006209.2 1048 H Y,Damaging,304,Q F,0,,0
NP_006209.2 1048 H R,Damaging,304,Q F,0,,5
NP_006209.2 1048 H L,Damaging,304,Q F,0,,0
NP_006209.2 1048 H Q,Damaging,304,Q F,1,Q,0
NP_006209.2 1048 H L,Damaging,304,Q F,0,,0
NP_006209.2 1048 H T,Damaging,304,Q F,0,,0
NP_006209.2 1049 G S,Damaging,306,,0,,0
NP_006209.2 1049 G R,Damaging,306,,0,,2
NP_006209.2 1049 G C,Damaging,306,,0,,0
NP_006209.2 1049 G D,Damaging,306,,0,,7
NP_006209.2 1049 G A,Damaging,306,,0,,0
NP_006209.2 1049 G R,Damaging,306,,0,,2
NP_006209.2 1049 G S,Damaging,306,,0,,0
NP_006209.2 1050 G S,Benign,305,S,1,S,18
NP_006209.2 1050 G D,Damaging,305,S,0,,0
NP_006209.2 1050 G D,Damaging,305,S,0,,0
NP_006209.2 1050 G S,Benign,305,S,1,S,18
NP_006209.2 1052 T A,Damaging,306,,0,,0
NP_006209.2 1052 T K,Damaging,306,,0,,8
NP_006209.2 1052 T I,Damaging,306,,0,,1
NP_006209.2 1052 T I,Damaging,306,,0,,1
NP_006209.2 1052 T K,Damaging,306,,0,,8
NP_006209.2 1053 T A,Damaging,306,,0,,0
NP_006209.2 1053 T I,Damaging,306,,0,,0
NP_006209.2 1055 M L,Damaging,302,V,0,,18
NP_006209.2 1055 M I,Damaging,302,V,0,,6
NP_006209.2 1055 M I,Damaging,302,V,0,,6
NP_006209.2 1056 D N,Damaging,306,,0,,4
NP_006209.2 1056 D G,Damaging,306,,0,,0
NP_006209.2 1056 D N,Damaging,306,,0,,4
NP_006209.2 1057 W R,Damaging,306,,0,,0
NP_006209.2 1058 I L,Damaging,306,,0,,11
NP_006209.2 1058 I F,Damaging,306,,0,,35
NP_006209.2 1058 I F,Damaging,306,,0,,35
NP_006209.2 1059 F L,Damaging,306,,0,,0
NP_006209.2 1060 H Y,Damaging,306,,0,,0
NP_006209.2 1061 T I,Damaging,306,,0,,0
NP_006209.2 1062 I V,Damaging,306,,0,,30
NP_006209.2 1062 I T,Damaging,306,,0,,0
NP_006209.2 1064 Q R,Damaging,284,H,0,,0
NP_006209.2 1064 Q H,Benign,284,H,22,H,31
NP_006209.2 1064 Q H,Benign,284,H,22,H,31
NP_006209.2 1065 H Y,Damaging,298,L Q R A,0,,0
NP_006209.2 1065 H L,Benign,298,L Q R A,2,L,5
NP_006209.2 1065 H L,Benign,298,L Q R A,2,L,5
NP_006209.2 1066 A T,Benign,303,T,3,T,1
NP_006209.2 1066 A S,Damaging,303,T,0,,1
NP_006209.2 1066 A V,Damaging,303,T,0,,2
NP_006209.2 1066 A T,Benign,303,T,3,T,1
NP_006209.2 1067 L F,Damaging,210,M Q,0,,0
NP_006209.2 1067 L F,Damaging,210,M Q,0,,0
NP_006209.2 1068 N Y,Damaging,303,K T,0,,0
